{"created_timestamp": "2022-08-17 10:08:36.611167", "camera_resolution": [1920, 1080], "k": [[960.5044959281079, 0.0, 945.8420348923909], [0.0, 968.4471396933227, 584.4511416556853], [0.0, 0.0, 1.0]], "d": [[0.12901481245787005], [-0.048044166145985806], [-0.012294922092524698], [0.013395209344726034]]}