{"created_timestamp": "2022-08-17 10:08:57.031569", "camera_resolution": [1920, 1080], "k": [[948.694734231612, 0.0, 962.0722056616439], [0.0, 959.4538246230659, 539.0561410202139], [0.0, 0.0, 1.0]], "d": [[0.13704102232061616], [-0.10826677975990683], [0.11413751407226538], [-0.064145916334585]]}